,weighted_degree
Hsa.3004,1010.2163029926863
Hsa.13491,565.9085635179364
Hsa.13491.1,554.5052036009627
Hsa.37254,767.4320550158168
Hsa.541,432.43428182245515
Hsa.20836,807.1872001686177
Hsa.1977,934.3087556690577
Hsa.44472,669.7170387178242
Hsa.3087,757.7969660587593
Hsa.1447,689.2527849049743
Hsa.750,350.92222864729297
Hsa.45293,617.6077536197997
Hsa.2555,921.0084658175342
Hsa.467,804.6580789971208
Hsa.539,669.1846528891397
Hsa.2357,1087.5754308191558
Hsa.474,833.8032964936361
Hsa.749,686.5881251579077
Hsa.24464,917.1488253905335
Hsa.2597,903.8304253896757
Hsa.3835,899.7740117041209
Hsa.6080,606.6497967681761
Hsa.3002,938.6948120625059
Hsa.1119,659.9973562036578
Hsa.44472.1,511.1002594851855
Hsa.4689,598.6529511599638
Hsa.45293.1,616.0240204400549
Hsa.5710,887.0916186917294
Hsa.20836.1,766.3861736178859
Hsa.909,640.7695063281074
Hsa.878,646.6673395676238
Hsa.1648,740.6479529563966
Hsa.1836,631.2107599146926
Hsa.1273,787.2913797685089
Hsa.19249,430.46884081061296
Hsa.2948,894.2481228809595
Hsa.7877,663.7845139632567
Hsa.1400,570.6905550609915
HSAC07....................................................................................................................................................................................................................................................................,997.4333283702558
HSAC07.....................................................................................................................................................................................................................................................................1,997.4333283702548
HSAC07.....................................................................................................................................................................................................................................................................2,997.4333283702556
HSAC07.....................................................................................................................................................................................................................................................................3,997.4333283702551
Hsa.8068,612.2669562403731
Hsa.1139,883.0401999549662
Hsa.27083,1068.5600727378824
Hsa.3006,746.7191751443212
Hsa.5398,531.3189547919158
Hsa.2299,1032.443652857242
Hsa.1013,690.6875270717775
UMGAP........................................................................................................................................................................................................................................................................,995.8639032779047
UMGAP.........................................................................................................................................................................................................................................................................1,995.8639032779051
UMGAP.........................................................................................................................................................................................................................................................................2,995.8639032779046
UMGAP.........................................................................................................................................................................................................................................................................3,995.863903277905
Hsa.2221,966.5154049016976
Hsa.1238,760.7536520570701
Hsa.6039,839.3561659521092
Hsa.98,852.1400865048912
Hsa.2019,1051.8382861480159
Hsa.1732,542.6646721176445
Hsa.5363,756.6750588701028
Hsa.8093,962.6311940375361
Hsa.5444,659.471836202852
Hsa.3094,1029.57608461306
Hsa.1949,1025.0911530322462
Hsa.361,1060.136107223833
Hsa.8125,336.29584766652914
Hsa.2361,663.9053129114882
Hsa.255,1022.0030452038927
Hsa.2699,843.7083269601161
Hsa.1013.1,432.1031806034228
Hsa.2542,1084.4053933839507
Hsa.678,680.3681115855175
Hsa.36957,901.2706878424673
Hsa.44403,608.7003327010958
Hsa.2800,816.3525118209919
Hsa.25867,1021.7575678264378
Hsa.6977,946.7888223572329
Hsa.24121,1092.9938487727318
Hsa.9304,741.4508436739914
Hsa.2063,1113.5314119484624
Hsa.36957.1,887.9507049145789
Hsa.938,890.6945192496075
Hsa.33965,841.0762968882029
Hsa.2219,929.6419799564345
Hsa.2665,998.1707493527764
Hsa.954,758.3802572957131
Hsa.1812,879.5481823957358
Hsa.27685,741.1862429220107
Hsa.20,1091.7439850906383
Hsa.2151,993.5799604512949
Hsa.489,670.7574214040461
Hsa.12257,947.5232978977899
Hsa.2026,1025.7671316932597
Hsa.1500,862.1023590062383
Hsa.5292,681.1769659982049
Hsa.18897,516.3960030807111
Hsa.45222,731.0390650520081
Hsa.32730,1099.1599441922551
Hsa.2419,1040.1815169222762
Hsa.1985,744.5715959037673
Hsa.10363,909.2971061974102
Hsa.3566,955.2769618884098
Hsa.689,917.4087892330278
Hsa.624,873.1523249051222
Hsa.1978,911.2651052587611
Hsa.3409,567.9940125068404
Hsa.5346,655.648283729546
Hsa.38205,954.8790652662335
Hsa.2582,1041.6708257568148
Hsa.11712,311.80249611319783
Hsa.10755,613.1384854532549
Hsa.2600,1065.4910348269825
Hsa.68,978.1460468645698
Hsa.4316,965.2276390338816
Hsa.2918,767.4555046681511
Hsa.914,751.50327746419
Hsa.7280,896.5358104162915
Hsa.8126,721.341348125893
Hsa.1737,173.32451503314527
Hsa.1939,640.0698236301596
Hsa.2929,1071.577987630298
Hsa.21232,1062.5160113181353
Hsa.1961,1121.4872662740402
Hsa.916,735.7551052750318
Hsa.1732.1,519.7233726679183
Hsa.13183,551.8707992777611
Hsa.4252,536.8229192423169
Hsa.572,906.3082743059643
Hsa.45260,947.016938706943
Hsa.73,761.5620198587776
Hsa.3225,808.1017347267781
Hsa.6977.1,803.0124441721259
Hsa.3129,1009.6800590210422
Hsa.34312,1048.9016264942536
Hsa.41309,854.3817333778462
Hsa.537,929.8502420129805
Hsa.36694,952.6359949962638
Hsa.957,722.2110634456674
Hsa.668,634.1307145381616
Hsa.10975,857.2322367338586
Hsa.451,885.7333457104753
Hsa.41357,720.290181634139
Hsa.810,519.350246653329
Hsa.2071,971.226245857155
Hsa.2655,1039.817999912099
Hsa.91,785.7765851379351
Hsa.558,816.6204700982171
Hsa.1222,782.2911687430731
Hsa.3017,552.6107020490813
Hsa.3409.1,761.594402976942
Hsa.652,325.2418750152806
Hsa.1829,678.5276517088936
Hsa.1367,594.4285750608822
Hsa.63,902.7072401120138
Hsa.27491,881.7943114136491
Hsa.1803,625.2343172780332
Hsa.3197,1004.2879130017877
Hsa.22614,1104.7892092641184
Hsa.45604,968.8305872637981
Hsa.36957.2,978.7825317275899
Hsa.11096,735.422761009831
Hsa.10306,879.6241009129217
Hsa.43252,653.6781514052707
Hsa.5821,855.5825480725055
Hsa.733,859.4598711353093
Hsa.2357.1,1100.6575978645649
Hsa.31,280.81678594432884
Hsa.24539,1048.442576673464
Hsa.22614.1,1104.4762048223495
Hsa.6146,891.6186527661929
Hsa.45604.1,983.9516993672432
Hsa.19,1124.230362209841
Hsa.644,890.1843021960079
Hsa.21418,1034.4599933808422
Hsa.18664,857.426377965907
Hsa.25451,951.1324898074209
Hsa.8831,424.7670994469495
Hsa.10510,779.4834984303732
Hsa.514,957.8064485014567
Hsa.2663,992.8021654797261
Hsa.120,826.7222211576918
Hsa.1137,930.4076322362729
Hsa.2831,843.9271718271478
Hsa.2015,970.7249283142753
Hsa.10305,809.8659777646101
Hsa.2244,1026.8671667026151
Hsa.832,673.5716879286015
Hsa.1116,499.8127754854326
Hsa.422,975.5114220982415
Hsa.2773,1007.9443713304993
Hsa.39141,862.174778831657
Hsa.1822,783.2036877691809
Hsa.6376,1108.820284064108
Hsa.580,1030.015751456668
Hsa.24948,1111.4621072225912
Hsa.24652,1121.0560535900966
Hsa.2463,334.07504126435856
Hsa.3003,936.9213828046286
Hsa.812,813.8853714343447
Hsa.8305,838.2225863523439
Hsa.1130,532.4483940990389
Hsa.2360,990.2616616911014
Hsa.570,938.509351529604
Hsa.15115,566.6226540833295
Hsa.36074,1107.7245616953142
Hsa.304,746.6824540247877
Hsa.7498,925.5483155272996
Hsa.338,1057.2562656644786
Hsa.6671,893.1454010988027
Hsa.2846,1086.6247227490924
Hsa.9255,837.8076603549536
Hsa.915,930.2201768599125
Hsa.9817,891.5269917298682
Hsa.1181,811.8117365389672
Hsa.26128,974.8336522529062
Hsa.546,986.2579919234953
Hsa.991,909.0024311556845
Hsa.31882,830.946497117449
Hsa.3922,1120.0100545491337
Hsa.41218,1002.1216079429822
Hsa.2710,1007.3124130889408
Hsa.307,1057.9332527191923
Hsa.587,590.1134200178506
Hsa.2095,578.5048367906952
Hsa.3547,876.5342679415307
Hsa.3295,1035.9053342281366
Hsa.778,646.4758248791156
Hsa.2014,726.1932784381983
Hsa.1190,849.1924749641821
Hsa.4954,890.0733425821978
Hsa.1939.1,617.1039536602648
Hsa.3150,1088.019765349011
Hsa.568,951.1999436983933
Hsa.4992,799.9120470128148
Hsa.1006,831.0592009876855
Hsa.9277,899.6144627626752
Hsa.9817.1,817.7274377261182
Hsa.21339,635.0932104260985
Hsa.100,876.7725799584003
Hsa.8656,967.4347972912088
Hsa.951,685.373566655955
Hsa.1847,837.2769355958734
Hsa.9623,914.3790051343306
Hsa.8606,1045.8078515935672
Hsa.692,218.21652582802417
Hsa.918,618.4322825802948
Hsa.13102,899.5003892322602
Hsa.8177,1077.7578521194048
Hsa.8147,272.92174725927754
Hsa.1532,582.9515401983049
Hsa.41315,541.2339669459947
Hsa.921,760.9273238199722
Hsa.3045,1133.1790420831953
Hsa.628,694.2804346983482
Hsa.1070,815.6017308944676
Hsa.2714,1007.0712913023525
Hsa.2613,995.882558009354
Hsa.823,579.11412184599
Hsa.231,796.8711446138964
i............................................................................................................................................................................................................................................................................,77.16188504280913
i.............................................................................................................................................................................................................................................................................1,77.16188504280913
i.............................................................................................................................................................................................................................................................................2,77.1618850428091
i.............................................................................................................................................................................................................................................................................3,77.16188504280913
Hsa.996,631.4997145174125
Hsa.9372,957.5300545206181
Hsa.33572,935.8486349133188
Hsa.692.1,263.1715738629575
Hsa.1825,563.4031017462952
Hsa.2806,901.7751381052885
Hsa.38375,1135.9965564402412
Hsa.81,638.3309674217338
Hsa.5122,975.942743746214
Hsa.2933,997.0206789922696
Hsa.3440,1006.6225551065565
Hsa.539.1,753.8329019244659
Hsa.10358,588.743192629683
Hsa.8658,892.6419886079302
Hsa.3769,756.5160822113181
Hsa.41126,622.407341704077
Hsa.854,982.8830060466485
Hsa.3001,835.0763171944594
Hsa.3031,1008.8416615833462
Hsa.80,794.1334600287856
Hsa.29228,993.5527551463708
Hsa.20034,912.2953813657706
Hsa.43279,423.6851232907463
Hsa.1050,953.1346976460381
Hsa.9407,694.820158417538
Hsa.39432,1126.2692711201964
Hsa.21660,1043.7230912500954
Hsa.9720,950.9876665569541
Hsa.3063,992.0255699080285
Hsa.2829,996.5427291113286
Hsa.1719,948.2940483865793
Hsa.2795,757.4908511711544
Hsa.994,881.9237293239288
Hsa.6165,1056.6738868705004
Hsa.19784,1016.4073510841296
Hsa.5544,861.3417492882152
Hsa.17256,658.4475811448299
Hsa.1178,735.7705522551993
Hsa.26767,928.0045900056944
Hsa.41259,939.9200369935462
Hsa.3180,871.504470863451
Hsa.2905,1010.0860590466643
Hsa.1534,163.6921703898221
Hsa.1166,826.4136882916232
Hsa.2779,1110.611244456795
Hsa.14229,968.3887323893501
Hsa.787,865.5165421009337
Hsa.1478,806.0035305436037
Hsa.1722,887.7822556720951
Hsa.26914,1147.796367877402
Hsa.122,917.1160967520585
Hsa.2768,885.706057781593
Hsa.41279,977.394755893075
Hsa.891,490.63918488521597
Hsa.3272,1013.1825060660678
Hsa.9285,1055.23091905208
Hsa.1263,965.1378555419477
Hsa.2902,1069.0258217157905
Hsa.1063,943.1027851725493
Hsa.3307,910.9751230818093
Hsa.25847,1001.7707916498882
Hsa.19003,900.5394590486086
Hsa.256,1013.0418288955256
Hsa.41347,936.4909693005748
Hsa.3121,967.8897812857348
Hsa.1044,884.8064493359147
Hsa.11352,730.978133478789
Hsa.2917,975.7385868434446
Hsa.13598,699.8851296697723
Hsa.1391,1030.5535999849785
Hsa.698,825.995189784766
Hsa.27324,1127.5866707719022
Hsa.1738,900.4119874905019
Hsa.14360,898.5880783826857
Hsa.9738,858.1814035835735
Hsa.1804,828.6038523229377
Hsa.17649,940.9369437500269
Hsa.103,885.6636209477577
Hsa.79,909.370608604302
Hsa.2950,727.7799306971896
Hsa.34874,1041.955959470234
Hsa.2598,1056.5114375648016
Hsa.3117,987.7743470341115
Hsa.10176,921.295585443927
Hsa.1276,862.5995116032007
Hsa.1450,613.6454135454954
Hsa.2126,665.9180767430556
Hsa.2559,1156.5919235702156
Hsa.1096,929.7974836227934
Hsa.11096.1,878.541527062455
Hsa.2809,79.31894921146898
Hsa.1466,787.1430943858247
Hsa.35496,1162.6817884800507
Hsa.31.1,272.3707528051802
Hsa.153,867.9563130232851
Hsa.594,914.1279583199744
Hsa.562,776.537247651889
Hsa.3910,998.7303447828165
Hsa.41181,1062.2496498168694
Hsa.194,1021.3458453926526
Hsa.995,834.259787946835
Hsa.821,699.863430535926
Hsa.848,332.53373372403064
Hsa.33982,411.3296902040919
Hsa.9631,999.1211964198054
Hsa.2251,934.1951081341942
Hsa.2600.1,1048.4121254659879
Hsa.1277,826.0837554795652
Hsa.4347,948.9336935446781
Hsa.13702,869.2396260729433
Hsa.13007,976.9111021737809
Hsa.26747,1176.0046497301619
Hsa.3056,940.0535958509993
Hsa.36689,616.3435314311441
Hsa.2952,953.2869056618315
Hsa.807,973.0107291132687
Hsa.758,813.2123123145062
Hsa.7671,889.4119175191016
Hsa.2943,1072.2937319720038
Hsa.41124,873.7494683003173
Hsa.538,389.1753074010332
Hsa.2505,1003.4186068822431
Hsa.2440,494.2019226191271
Hsa.20507,1157.9606505007748
Hsa.136,828.5394336628605
Hsa.6160,680.730772830448
Hsa.1687,667.1754249836913
Hsa.3152,996.001867318086
Hsa.5548,966.237070928971
Hsa.27832,1090.5349201853242
Hsa.1008,823.079423524861
Hsa.1278,883.2906360699918
Hsa.45242,852.0126446736097
Hsa.1121,614.1970885631682
Hsa.1670,352.6934482052454
Hsa.5971,780.2164882546185
Hsa.1558,927.3816351675324
Hsa.142,660.9955341908424
Hsa.28145,1153.7700330550806
Hsa.1504,840.1469931571817
Hsa.16100,833.7507444983378
Hsa.454,900.8852313246514
Hsa.5537,853.3081255007595
Hsa.9667,966.6068756257424
Hsa.2995,1069.0015217146909
Hsa.8097,1096.086101937534
Hsa.11780,819.4046470193128
Hsa.41282,723.6627321801213
Hsa.41325,1022.5981083487383
Hsa.19731,727.9831918879476
Hsa.244,796.1933154063867
Hsa.1221,440.86831924942794
Hsa.34351,938.527346468337
Hsa.2086,1048.8718111297383
Hsa.1033,918.0949642591836
Hsa.24506,651.8732491012378
Hsa.2249,1150.5574267343056
Hsa.30128,578.2499573398926
Hsa.25380,1102.472735014592
Hsa.16086,694.6268021064827
Hsa.2489,1043.8833640777689
Hsa.5143,725.1189168321592
Hsa.8736,1041.2649422076965
Hsa.544,831.7058712360899
Hsa.3207,1024.1301022841428
Hsa.13110,797.6059996184739
Hsa.8596,958.3833718289291
Hsa.714,1024.4848775091841
Hsa.965,1022.5520631930173
Hsa.1473,740.9704624139624
Hsa.1108,974.2202037404205
Hsa.19537,1010.881147839235
Hsa.2870,1060.2805421753144
Hsa.879,531.265873522372
Hsa.28608,877.2315975842704
Hsa.1181.1,895.7606731279731
Hsa.929,873.8846693816499
Hsa.3174,852.7212782280692
Hsa.13624,535.0091419679679
Hsa.2592,979.1032422780979
Hsa.702,604.0016169653676
Hsa.2232,1001.1617010706163
Hsa.41083,1157.6871125961457
Hsa.3157,1058.629940246232
Hsa.3299,1011.9599365086251
Hsa.6633,934.897465302828
Hsa.4234,1005.1677647224576
Hsa.2560,845.2683119299676
Hsa.3328,1126.022648915221
Hsa.42186,422.6347426295251
Hsa.33699,435.065809477309
Hsa.551,908.9454220827613
Hsa.1821,735.4347814095728
Hsa.35528,871.8991521632629
Hsa.1239,928.4384709037028
Hsa.3852,1072.9687307585336
Hsa.912,508.81302912825754
Hsa.1990,1004.0334178664746
Hsa.24110,1024.4860723931629
Hsa.2033,1080.5787915687088
Hsa.8583,620.9016135361996
Hsa.1762,901.7989358085991
Hsa.41207,870.7171183976698
Hsa.2588,562.8645687951142
Hsa.27721,737.5396424586773
Hsa.7736,870.4912256671574
Hsa.6581,1033.7040764400826
Hsa.1896,978.5986305378848
Hsa.22251,1085.1886128036624
Hsa.591,1023.6504975658338
Hsa.10067,883.0505989654185
Hsa.36291,1033.119651519762
Hsa.479,299.95423464684643
Hsa.2612,1047.2771940523014
Hsa.1542,1012.661942551
Hsa.2163,877.6339689955989
Hsa.592,956.909030402817
Hsa.40177,1023.6166943707819
Hsa.59,930.6766032778324
Hsa.35652,1060.9327733728007
Hsa.13670,960.0030799386808
Hsa.2268,930.9868770460446
Hsa.209,762.2335961746168
Hsa.719,994.2377245109159
Hsa.1678,918.3764388677146
Hsa.3088,962.2955763573385
Hsa.41875,832.0252722062987
Hsa.7654,862.2797520484359
Hsa.2311,843.8594774144061
Hsa.37937,299.48802064278203
Hsa.3069,1149.140391118639
Hsa.27686,786.4909194408742
Hsa.17101,944.9113047601223
Hsa.2119,1031.4596879468352
Hsa.2529,484.6583598844416
Hsa.39,1007.8310052653181
Hsa.5464,726.0734952484837
Hsa.561,946.4332242129926
Hsa.8597,1081.483447343967
Hsa.35000,999.8428727817825
Hsa.1867,845.6487505595247
Hsa.3909,891.2654906331229
Hsa.39809,835.4321523718295
Hsa.19232,1107.0024557314887
Hsa.33602,898.550843717983
Hsa.3185,964.7828226595265
Hsa.50,945.862177816191
Hsa.34416,1006.4729672830409
Hsa.44787,1006.1473654514485
Hsa.831,650.235917689162
Hsa.9285.1,907.1417635642972
Hsa.6472,685.26847688425
Hsa.949,660.9255727699265
Hsa.3454,885.8727833260147
Hsa.2379,1058.3359901958984
Hsa.2951,950.6768738612324
Hsa.3007,889.2590217384582
Hsa.16096,991.937584373784
Hsa.16793,837.465375352125
Hsa.934,464.152067660178
Hsa.7247,890.9143230360537
Hsa.36657,786.5937513099207
a.1000,968.0260166755879
Hsa.36665,896.219482920931
Hsa.132,774.6799504529131
Hsa.286,945.0206178090349
Hsa.215,699.9545543454308
Hsa.1448,1027.4130125320435
Hsa.2589,1051.450294062562
Hsa.2132,1067.7847990880987
Hsa.24206,766.5002572842918
Hsa.5633,903.8097327059724
Hsa.1830,780.8669604831035
Hsa.1164,872.209555238511
Hsa.4996,843.5354880952754
Hsa.12209,834.4386698962321
Hsa.17,787.8617721436387
Hsa.21596,1078.764802510788
Hsa.1948,931.7118485670902
Hsa.561.1,921.9618758575743
Hsa.26083,1076.6112868027394
Hsa.2393,1002.4080098862682
Hsa.21901,363.0588519109925
Hsa.3069.1,857.0051044930502
Hsa.2191,978.8199333702079
Hsa.1591,744.5187017410183
Hsa.726,801.0446106299573
Hsa.962,1069.3431962814732
Hsa.1793,573.9834321790487
Hsa.1312,675.8523438480106
Hsa.10909,602.1263952190045
Hsa.1098,743.626918883894
Hsa.268,978.19661485262
Hsa.37169,983.0365086464928
Hsa.22191,873.3503707337298
Hsa.8052,517.8707130256691
Hsa.1215,624.2226575049391
Hsa.8219,716.5755642035255
Hsa.470,671.605691497842
Hsa.41164,705.9145905604381
Hsa.1165,685.0742735976335
Hsa.806,739.2632138271645
Hsa.2094,740.9475848718411
Hsa.2780,996.1659401895955
Hsa.23285,1048.5760054274276
Hsa.6376.1,1029.227418077336
Hsa.3209,1031.5854293620812
Hsa.853,814.4401233237836
Hsa.8964,1036.5229349795954
Hsa.1133,883.9696845481043
Hsa.2141,1041.804302726546
Hsa.9761,990.6084782512561
Hsa.2487,1092.958526799333
Hsa.8,960.9477480269418
Hsa.19828,882.4322430271777
Hsa.1244,649.0065656844675
Hsa.41299,800.2012557342506
Hsa.1207,764.6483539650133
Hsa.40595,1146.8140480707714
Hsa.41956,497.48095548216173
Hsa.834,995.0245295777241
Hsa.1768,835.2218424217592
Hsa.608,754.9301963256036
Hsa.1640,360.87467449814136
Hsa.8182,955.7160206111774
Hsa.3150.1,890.5848333312131
Hsa.8010,543.1018883426746
Hsa.36019,1085.0520362643397
Hsa.2062,1131.0875604072905
Hsa.31943,1094.9711684663682
Hsa.17822,920.7547287363758
Hsa.6422,906.5858404137997
Hsa.950,900.2159261220498
Hsa.20028,955.1896468707832
Hsa.32389,1133.7767561626285
Hsa.1773,734.2649456728219
Hsa.847,721.0905171097208
Hsa.1132,927.5865415889775
Hsa.1106,971.6273861424291
Hsa.2478,1179.5512223872815
Hsa.1630,931.4108390881725
Hsa.1445,778.8891435937502
Hsa.4907,714.1267184879964
Hsa.6376.2,1119.5122791232116
Hsa.2416,1054.5742126535656
Hsa.24944,1055.9619353522558
Hsa.41240,599.3092830702054
Hsa.897,958.2543493550974
Hsa.1739,996.1099265737668
Hsa.22167,1072.7563685666755
Hsa.9251,833.7422904745043
Hsa.39288,1081.0584921674351
Hsa.3022,1076.4836734501532
Hsa.42949,133.12386363411028
Hsa.2304,910.8173114145098
Hsa.6458,815.5907222177126
Hsa.2739,837.0285338103481
Hsa.305,996.4298358879406
Hsa.732,859.0723729838596
Hsa.34562,1148.5936846433758
Hsa.5402,748.3952001543169
Hsa.3306,778.7469824793254
Hsa.7324,826.8227196843795
Hsa.28914,987.4106608209052
Hsa.36010,950.588142191416
Hsa.3194,892.1183184164513
Hsa.9691,714.3655220047242
Hsa.33843,1133.3119593760955
Hsa.3135,1105.876160441552
Hsa.45499,389.4840786517451
Hsa.1920,257.08615882596683
Hsa.465,798.4933451998771
Hsa.1515,526.2558453165364
Hsa.36666,1178.6779501667738
Hsa.2298,1076.0204634368679
Hsa.22762,746.5839801246896
Hsa.318,1075.2445276425453
Hsa.8080,971.797864566348
Hsa.3098,831.0938056178541
Hsa.5142,1011.9517751925364
Hsa.2301,971.7662665744036
Hsa.27592,1044.8275583793977
Hsa.26883,975.3169461621325
Hsa.2007,1178.2674614120324
Hsa.168,874.0767302135803
Hsa.11765,734.6616668667095
Hsa.977,942.9719101436045
Hsa.3228,1075.6790307383474
Hsa.7395,768.1805384825099
Hsa.1485,605.0470971286464
Hsa.400,870.1495639685128
Hsa.19653,1127.0812788016965
Hsa.2858,918.2016487295984
Hsa.845,175.71145831942277
Hsa.21160,1074.112458877755
Hsa.1668,924.2970441875387
Hsa.347,987.382948032374
Hsa.285,714.822912181775
Hsa.2646,694.8946196616427
Hsa.3076,1019.324566840892
Hsa.36938,1031.5469605224735
Hsa.16742,916.2147169593318
Hsa.28193,1130.6347833315695
Hsa.43684,1032.4560788379997
Hsa.1175,949.8753533825658
Hsa.3517,1029.0959042492161
Hsa.2156,797.4367350259859
Hsa.301,1188.5872621416033
Hsa.3159,947.7612895351152
Hsa.1258,403.99964665739117
Hsa.3820,953.9458191471317
Hsa.7265,1007.5559164880505
Hsa.1486,965.0390980687881
Hsa.37058,938.8454585964244
Hsa.2830,830.4544751178811
Hsa.2966,1045.7123426963879
Hsa.10068,927.2980055119119
Hsa.16164,307.7362324640879
Hsa.10047,800.130824081744
Hsa.6051,723.2054828784487
Hsa.1036,171.02874095289638
Hsa.1715,886.5110737093967
Hsa.1920.1,126.39582615146257
Hsa.12892,1054.1359495589077
Hsa.1414,560.0770828207909
Hsa.2568,1074.4320764482957
Hsa.2840,811.2598828655154
Hsa.36354,1072.3995711828256
Hsa.14896,914.6087381067631
Hsa.978,1051.3328947461102
Hsa.852,806.2499987787413
Hsa.919,786.1704063644607
Hsa.41163,881.0502797503468
Hsa.35201,688.1591861646467
Hsa.9972,522.0438467421357
Hsa.38375.1,1002.7484545639842
Hsa.359,1140.9601538235152
Hsa.3260,941.0633167828215
Hsa.109,515.8660463584074
Hsa.1522,810.0913767393737
Hsa.465.1,855.570689934847
Hsa.7614,823.2673797150342
Hsa.370,1112.4496840678148
Hsa.12024,1053.3204749693737
Hsa.896,459.2683449881539
Hsa.12754,548.6482579797482
Hsa.43155,858.2924700818787
Hsa.2179,802.8421643350921
Hsa.17956,953.023836608759
Hsa.15844,409.14828757737416
Hsa.3136,1137.081300078442
Hsa.44686,640.1633399302787
Hsa.733.1,778.1582098551219
Hsa.2843,988.6632701563528
Hsa.2149,906.1282029484803
Hsa.16100.1,867.679946022759
Hsa.321,866.7041792750051
Hsa.13834,841.6564113528168
Hsa.34384,1128.929461390378
Hsa.557,846.4434133052771
Hsa.612,793.2750224345056
Hsa.1761,639.0208228950794
Hsa.1284,726.0504596184854
Hsa.44876,811.9386295470235
Hsa.2363,1128.881465378938
Hsa.2567,1119.8355342581958
Hsa.37038,1135.965177091386
Hsa.154,829.878142764247
Hsa.31933,875.0676941333021
Hsa.61,758.4633075953394
Hsa.2856,915.3443328985264
Hsa.1521,981.5060168355201
Hsa.5120,962.9170768938145
Hsa.1806,772.2734262856249
Hsa.893,903.3448981749226
Hsa.3305,618.8488685627727
Hsa.3256,1012.1387547432489
Hsa.15167,936.6139695621936
Hsa.10171,836.0587150658507
Hsa.11340,534.6508181777201
Hsa.1480,1051.5020600079906
Hsa.2372,817.8017491287427
Hsa.216,1054.310392214812
Hsa.2543,883.8539517376498
Hsa.3164,1015.1900475112868
Hsa.21369,987.4441479832993
Hsa.1489,915.6691209832311
Hsa.741,872.7101952170087
Hsa.1502,716.7559184821048
Hsa.14360.1,1041.9191907575116
Hsa.2317,1008.4047701543834
Hsa.2634,1127.1400234394664
Hsa.4251,937.4085232110249
Hsa.641,561.370369052836
Hsa.3239,962.9372338802061
Hsa.41322,692.9350821648687
Hsa.1537,798.5125901145366
Hsa.25745,1159.8772301967372
Hsa.3940,1106.7554762743807
Hsa.1567,837.7485679494504
Hsa.3067,882.244680209267
Hsa.692.2,142.9662886360462
Hsa.9235,998.4600530025731
Hsa.465.2,883.8874427416976
Hsa.2884,1037.7557686290095
Hsa.2135,703.2001083070163
Hsa.1799,686.2558505482622
Hsa.17353,867.4290640634563
Hsa.2008,1112.9602107285268
Hsa.22775,1105.3178485948447
Hsa.3298,1016.9481325033152
Hsa.964,954.9772734974316
Hsa.6048,262.81839641471646
Hsa.3274,1116.060058894697
Hsa.2985,829.6323279738533
Hsa.1726,928.4775523997309
Hsa.773,630.3955630285187
Hsa.550,987.6822968411849
Hsa.2390,955.9039832848341
Hsa.7852,854.8674804558692
Hsa.3926,877.9776725132309
Hsa.2513,1019.6978708065166
Hsa.43242,1040.9337805564066
Hsa.1854,515.4889477779996
Hsa.3353,694.0358110916551
Hsa.1220,877.0797509221768
Hsa.1259,777.9223707521065
Hsa.1516,811.091499117457
Hsa.1272,803.933323663725
Hsa.2999,1008.5989159947869
Hsa.18401,800.3292438430902
Hsa.1433,881.1087929704341
Hsa.348,1048.228856770486
Hsa.3040,1117.6012895390663
Hsa.695,787.7001469980484
Hsa.680,412.4400493596088
Hsa.28162,211.9802073848929
Hsa.9285.2,925.2010732565172
Hsa.2863,844.4511300137299
Hsa.20164,1137.8402393336132
Hsa.6596,927.2260136684165
Hsa.1138,976.1762631067945
Hsa.3349,503.0792939479343
Hsa.316,511.43208858895576
Hsa.3145,1127.671160176767
Hsa.2576,1148.613214524547
Hsa.2841,973.7375430121217
Hsa.17453,885.3014003174983
Hsa.41280,729.4989234543411
Hsa.1955,1038.5371365765693
Hsa.2650,963.2171380509171
Hsa.2801,1082.182954698018
Hsa.18513,997.7161389581327
Hsa.23699,1087.595218856397
Hsa.287,1067.5150570716773
Hsa.8299,877.8642022946437
Hsa.3070,757.7122955479791
Hsa.25,1066.5231980424405
Hsa.1131,409.8299808805415
Hsa.3099,1091.1660276494617
Hsa.41280.1,649.7844563362445
Hsa.2342,1074.8825617325049
Hsa.26920,1080.124852055901
Hsa.14842,757.1868594705354
Hsa.41116,935.7213843248037
Hsa.487,852.3438374912749
Hsa.3803,895.4148053074996
Hsa.1385,698.0169326113049
Hsa.8133,822.7462611335438
Hsa.2345,1082.6314607895197
Hsa.36685,1047.1341294828537
Hsa.2315,1089.4289755498105
Hsa.646,630.84055821211
Hsa.459,932.3717824897968
Hsa.12149,975.5920773031039
Hsa.8374,342.6080050464525
Hsa.2778,976.0139572293987
Hsa.2469,1124.8162900585246
Hsa.2105,1090.3663578513888
Hsa.884,849.0424952940218
Hsa.1216,760.596677689444
Hsa.1071,869.1374851151394
Hsa.2955,1033.3804462193634
Hsa.1694,853.158696134639
Hsa.1512,881.241904199717
Hsa.10516,805.734595109884
Hsa.12893,760.4680861428814
Hsa.28186,1085.680570842152
Hsa.1698,673.6886804103474
Hsa.34914,895.9161950942351
Hsa.42738,209.87914139776873
Hsa.17030,818.5535648707606
Hsa.2769,809.1864509841245
Hsa.24279,643.385619532764
Hsa.26719,958.6518407799558
Hsa.2925,1109.4437843094881
Hsa.24048,1064.8203261224205
Hsa.20524,1094.532442285423
Hsa.27738,1040.723500480832
Hsa.14453,694.1432188874345
Hsa.35518,843.2026843572528
Hsa.42204,796.9669904663026
Hsa.2700,995.6057751533341
Hsa.1724,864.446043266001
Hsa.9153,884.3394600744175
Hsa.2238,873.097016941649
Hsa.1219,864.4664434276679
Hsa.41169,1017.6453070736744
Hsa.3154,1036.8675660480546
Hsa.11932,745.7077905703953
Hsa.44397,1020.6218038808256
Hsa.9025,1028.3624960536565
Hsa.829,831.0905783716086
Hsa.45192,943.542277864746
Hsa.140,127.621363122762
Hsa.3065,615.36373563978
Hsa.3138,1101.5728185732046
Hsa.2978,1065.1918454740105
Hsa.26528,1047.2758851504057
Hsa.1840,747.8285406902361
Hsa.1414.1,837.2535047014111
Hsa.21379,1085.0493808424478
Hsa.38203,1104.396225650914
Hsa.946,987.098760970266
Hsa.45754,1111.6315828681147
Hsa.26719.1,1067.7557777158602
Hsa.3212,1060.769264126051
Hsa.14884,1092.2590285669512
Hsa.2747,772.8511819807023
Hsa.895,905.3019160679659
Hsa.5532,844.3656746462976
Hsa.2654,986.6149098666781
Hsa.13023,1002.7704776657581
Hsa.36952,361.57984595184894
Hsa.1375,1032.5591041026278
Hsa.8983,1098.4780037044336
Hsa.1294,875.7828004500493
Hsa.16505,894.4657428409075
Hsa.20324,1087.9894528741065
Hsa.2047,1026.5142717998951
Hsa.1015,999.0276220317596
Hsa.17595,691.1213217423704
Hsa.14885,642.6573364980771
Hsa.2089,1055.2049087148014
Hsa.1676,806.3537688565781
Hsa.44036,1023.4373983304857
Hsa.1317,537.0367409467281
Hsa.561.2,872.5895707766016
Hsa.742,830.5471712682471
Hsa.8096,976.4439751667949
Hsa.1642,710.6771170283482
Hsa.1664,907.2624212564809
Hsa.28146,1061.7258628292668
Hsa.12102,702.0267545483473
Hsa.3068,645.3249277862235
Hsa.2725,1094.2966445645302
Hsa.1089,786.6224201221622
Hsa.2409,846.3779419024925
Hsa.7165,503.5572772488476
Hsa.1419,599.2908667619224
Hsa.364,807.4387772427586
Hsa.116,981.1236046924644
Hsa.249,751.9836232227391
Hsa.502,1015.8033794734603
Hsa.11850,645.6701740514833
Hsa.1610,634.4372633254073
Hsa.1309,762.7643455924693
Hsa.2565,683.9635713838333
Hsa.1598,550.0902100943885
Hsa.35955,609.5256278409381
Hsa.2348,1052.0255882439217
Hsa.642,806.7097802901018
Hsa.57,963.9492166617099
Hsa.24829,801.8920623089454
Hsa.4919,970.1000093972691
Hsa.3278,1091.157124639303
Hsa.1177,768.3647740482995
Hsa.2120,882.899188530653
Hsa.1798,995.2110443198252
Hsa.471,605.8590739394401
Hsa.27648,1062.2715242536985
Hsa.3041,839.7884455065179
Hsa.1507,715.9853648239438
Hsa.25142,911.0438036159547
Hsa.37021,955.5574052286876
Hsa.21847,905.1355815576557
Hsa.10706,614.9377587391238
Hsa.2881,1122.989118214597
Hsa.959,1083.8631639731316
Hsa.3876,973.3547174356596
Hsa.3148,778.6069881217857
Hsa.11675,643.5516925148303
Hsa.2975,1117.7100655491686
Hsa.2475,672.1223252871941
Hsa.9816,758.285595005526
Hsa.6617,978.4369729124916
Hsa.36683,1091.5817068507129
Hsa.9271,836.9276627221196
Hsa.8194,696.2200586889085
Hsa.2586,604.6669586158522
Hsa.3331,770.8643054648837
Hsa.7554,942.1719754027714
Hsa.1616,884.323022174563
Hsa.26698,1104.5171567144594
Hsa.7319,1090.7638516010682
Hsa.35804,1157.5048002892654
Hsa.11839,544.1069147308683
Hsa.8232,917.4634254674567
Hsa.28540,1150.8950703049218
Hsa.5756,892.3599985961366
Hsa.166,757.6273247743444
Hsa.2359,616.9378226286851
Hsa.25867.1,948.7802163232355
Hsa.2255,1084.4630977397155
Hsa.2060,850.4611103928548
Hsa.37541,959.6690517836736
Hsa.447,363.78522076747674
Hsa.688,906.601370587363
Hsa.3115,1022.6553365423563
Hsa.428,884.6056238466716
Hsa.20976,816.1832076068807
Hsa.8837,848.5310031850247
Hsa.4756,909.651186144229
Hsa.1260,737.4119261097477
Hsa.1127,150.48514576321054
Hsa.2316,917.2078863870166
Hsa.1192,1043.5604016850953
Hsa.1522.1,897.9140489810119
Hsa.1073,711.8269253296307
Hsa.3348,631.3560765727722
Hsa.9218,895.0643172118424
Hsa.3048,874.7590643899824
Hsa.2841.1,866.4621458463438
Hsa.1089.1,769.2620191753805
Hsa.34968,865.6335714308714
Hsa.22909,1119.6327538879846
Hsa.41123,749.1824514618897
Hsa.1138.1,985.4062242983198
Hsa.1205,534.1689039036276
Hsa.24373,1098.553091715014
Hsa.25748,890.60438141086
Hsa.45732,857.8156328544358
Hsa.1288,461.7704780352765
Hsa.84,886.1955375563795
Hsa.33277,846.9517872363373
Hsa.2386,1028.4678159055713
Hsa.146,446.08303800753725
Hsa.11628,914.7071520803966
Hsa.275,1011.9500183017374
Hsa.33368,957.7658824991648
Hsa.4937,803.0923421312103
Hsa.1470,734.8266823466585
Hsa.7646,869.4974000328108
Hsa.1453,808.0084784631939
Hsa.1855,900.9214978205422
Hsa.7802,885.5826318355062
Hsa.1802,937.0430648653492
Hsa.2619,1092.0581200214394
Hsa.16742.1,845.6517250387558
Hsa.1161,978.2749211048804
Hsa.31801,613.0810289560393
Hsa.3215,597.2077213058321
Hsa.3198,1019.783815188872
Hsa.1359,903.0269941300294
Hsa.114,935.7888688518153
Hsa.2274,946.3120428514635
Hsa.44595,783.1574432017803
Hsa.2092,926.4572799096909
Hsa.2157,909.4024122672046
Hsa.925,840.4833348261161
Hsa.24290,809.3893955850156
Hsa.26628,994.2351516269142
Hsa.23249,600.7234280413193
Hsa.41495,905.7212565313771
Hsa.2986,1026.049761198509
Hsa.717,983.9238542762531
Hsa.179,984.481913627463
Hsa.27930,1038.0123938432598
Hsa.549,517.5025890417843
Hsa.1714,970.2914242115671
Hsa.13522,881.8584858839158
Hsa.1554,849.3070410596188
Hsa.602,873.2483908869222
Hsa.1588,791.8638528248006
Hsa.2051,877.1942766438461
Hsa.2805,1089.0774991265152
Hsa.262,677.4759259369238
Hsa.28840,980.8832393520796
Hsa.168.1,325.0115334847959
Hsa.13610,821.2782094018846
Hsa.23366,1011.9841979756037
Hsa.2066,1134.6375717456383
Hsa.1973,920.702610782917
Hsa.41314,909.3250865258847
Hsa.579,233.43156249804827
Hsa.9856,995.8580944262565
Hsa.462,781.8374181596809
Hsa.10224,865.6265904483051
Hsa.14,682.7274998666251
Hsa.2503,1051.5751968970942
Hsa.1088,805.0082604975206
Hsa.1855.1,803.5534850739516
Hsa.37192,1073.0272782284003
Hsa.490,729.2554571161402
Hsa.1147,584.0662490840007
Hsa.1347,536.011577578116
Hsa.32358,597.5322379918762
Hsa.24153,571.2685901978939
Hsa.28800,1068.7758391482832
Hsa.40063,968.106085889579
Hsa.26837,768.9566943565252
Hsa.7784,859.405945080496
Hsa.1043,906.4146373701668
Hsa.3969,241.27165635485252
Hsa.36599,995.8484159470783
Hsa.40009,1126.4680633414227
Hsa.3203,998.5607969697463
Hsa.33671,1003.5561589837338
Hsa.2152,1036.1302106034723
Hsa.1866,395.32056977483177
Hsa.2974,1051.2571785662176
Hsa.1580,949.7411943614665
Hsa.13535,875.2555812068746
Hsa.1212,273.64410351075344
Hsa.37075,1011.9935415165504
Hsa.123,828.7019271426506
Hsa.1672,908.1647138999527
Hsa.1860,562.8921269007708
Hsa.8301,939.3551672239053
Hsa.3888,952.0747895108775
Hsa.24877,544.6451524268846
Hsa.16501,841.0203899526123
Hsa.3166,1073.746114817168
Hsa.2558,1090.4073109223568
Hsa.6546,714.7736359038099
Hsa.1651,983.6234141766181
Hsa.2777,1102.7281388101899
Hsa.2868,1005.6268303200516
Hsa.1331,268.5475195816044
Hsa.10807,947.6366801570589
Hsa.41208,783.9408950917849
Hsa.440,805.4288173696432
Hsa.8131,1052.534658248634
Hsa.1618,922.247104980636
Hsa.23677,859.5242941433903
Hsa.27958,921.5013618620073
Hsa.94,764.6576099440937
Hsa.41338,570.6961553217943
Hsa.25481,1009.6468280012829
Hsa.1659,758.4562956341888
Hsa.2145,942.1295075650556
Hsa.39753,966.9925701207585
Hsa.8532,978.8403576734802
Hsa.1712,799.2030093174742
Hsa.8540,973.7389879430223
Hsa.2610,837.8573882680747
Hsa.1030,783.0647933257569
Hsa.37041,1034.0168128166995
Hsa.1283,892.6055097739527
Hsa.1467,949.2972750476232
Hsa.2152.1,1009.6637475054652
Hsa.809,871.6971331972697
Hsa.1893,1050.3280996703602
Hsa.11885,809.7890086441136
Hsa.51,1037.3565697300896
Hsa.3410,884.6638989622679
Hsa.43225,995.5978387523704
Hsa.376,1057.7318765377747
Hsa.432,925.3988939111135
Hsa.37818,1149.4660530754463
Hsa.9872,1007.0715499099209
Hsa.18321,943.4263424292328
Hsa.3648,873.8420964579034
Hsa.612.1,798.0101795913968
Hsa.3967,1025.0473233106206
Hsa.7048,892.1175663580794
Hsa.14976,995.6740364889794
Hsa.2986.1,1033.9546046459564
Hsa.2765,990.1269973978411
Hsa.1412,814.6763231162163
Hsa.393,1022.1627306915781
Hsa.2101,921.5912425168382
Hsa.32865,797.9733807509322
Hsa.326,900.2163256789495
Hsa.23565,1117.0742106778498
Hsa.10169,824.1345598544796
Hsa.2609,1065.072518957447
Hsa.3102,824.4792864693362
Hsa.8833,765.2800722651237
Hsa.1047,561.4401730858431
Hsa.1325,684.8645247433088
Hsa.27085,1020.4765327525325
Hsa.2324,995.001883427188
Hsa.14595,293.68211239797176
Hsa.17091,813.2419724655383
Hsa.2547,880.7005082743536
Hsa.904,916.5896392369688
Hsa.2035,1015.1887671802198
Hsa.35968,1148.8272288176033
Hsa.313,702.3652669311992
Hsa.1552,709.6729225312505
Hsa.42442,889.9511331917859
Hsa.7348,919.6994299724669
Hsa.1211,698.4928685422148
Hsa.229,971.5235702454412
Hsa.43540,1020.5580917919469
Hsa.2756,1103.83484136572
Hsa.1787,889.850116213184
Hsa.1770,1045.3968691067498
Hsa.3118,1017.7834141721299
Hsa.25533,1111.5357428708103
Hsa.36218,1038.017357941096
Hsa.11572,913.7116643085513
Hsa.2448,953.6047684280518
Hsa.1530,992.8117340604272
Hsa.2146,990.8651733462093
Hsa.7705,658.6270029233336
Hsa.2436,978.5488406811455
Hsa.694,840.1180356086992
Hsa.1675,1045.548936005262
Hsa.827,979.952253541762
Hsa.45210,901.5212539845414
Hsa.37553,806.6867916868612
Hsa.816,831.9972785652585
Hsa.10967,908.6763640510239
Hsa.23608,775.1827896113391
Hsa.1957,1021.4787409024891
Hsa.32319,912.1597123798877
Hsa.3867,1150.1816135623449
Hsa.12701,834.7176371586536
Hsa.60,933.8810820206468
Hsa.6910,1078.8215263960208
Hsa.103.1,923.3206257491273
Hsa.1171,926.2048620663936
Hsa.22461,992.2311172293455
Hsa.23124,855.9127842092602
Hsa.42625,511.73337280196023
Hsa.2530,932.6459454269423
Hsa.1213,932.6449710947962
Hsa.943,1003.2230483703377
Hsa.24868,1148.3116843215546
Hsa.360,1157.9255677226254
Hsa.974,833.9179984073578
Hsa.10308,896.4445872516869
Hsa.6030,693.1826868342022
Hsa.7203,967.8342920316093
Hsa.442,787.8553456497403
Hsa.2962,998.2164451714661
Hsa.40619,796.3798072051272
Hsa.1994,953.8211229215823
Hsa.3020,1007.6594490650936
Hsa.9190,820.130298755635
Hsa.6438,806.9708693665211
Hsa.11854,520.844537466996
Hsa.8551,908.7363589278758
Hsa.3269,1080.7972662787222
Hsa.16443,887.4384375983223
Hsa.8214,420.0465807464643
Hsa.2183,1113.6388104544246
Hsa.3010,945.454344785427
Hsa.2997,1092.8603282958836
Hsa.27341,1080.4840200358901
Hsa.1670.1,362.67678081621824
Hsa.8040,675.2412637299996
Hsa.36649,1069.0044665144637
Hsa.2339,1123.8378603925516
Hsa.2922,748.2299660818819
Hsa.8175,967.0743415911041
Hsa.119,813.2344418731989
Hsa.7499,1110.751742950001
Hsa.22347,1153.1041989073306
Hsa.399,1042.7261504971063
Hsa.290,980.8048221695482
Hsa.2956,1054.0991143922636
Hsa.3271,1032.1180277460364
Hsa.1383,950.5671399856085
Hsa.19945,516.2276038829657
Hsa.13628,656.049682980412
Hsa.1403,940.5112782181235
Hsa.2530.1,872.1200135133564
Hsa.2591,974.7300185607503
Hsa.44676,944.5467025151704
Hsa.2585,971.3109848616552
Hsa.2553,577.2728709203037
Hsa.1617,604.4346446841915
Hsa.1550,956.9127961592889
Hsa.34428,989.8628713854678
Hsa.41281,1080.7660133857464
Hsa.15101,858.6247727126448
Hsa.37931,1108.0767326874907
Hsa.2748,793.8499639265109
Hsa.14973,890.7980111908599
Hsa.2451,969.1429666945459
Hsa.1408,908.7591551463414
Hsa.5211,580.276016093376
Hsa.24867,1096.2225207814956
Hsa.36655,1043.9655933989238
Hsa.718,929.9349282330392
Hsa.728,892.8700157491785
Hsa.8781,857.432767799231
Hsa.22242,1153.452228264934
Hsa.4153,962.5841193632035
Hsa.2774,916.9955992542882
Hsa.746,743.2514009480853
Hsa.35471,854.8638648610555
Hsa.981,739.899377608419
Hsa.1005,861.1730163993758
Hsa.2549,951.3897531379637
Hsa.1682,525.9431681549652
Hsa.14484,985.0953618612042
Hsa.20609,809.7554256878834
Hsa.2053,1130.247897370906
Hsa.5130,577.4697344894075
Hsa.2772,1091.5807841044077
Hsa.5141,925.2024574311777
Hsa.3165,935.9395720708412
Hsa.1280,684.9292213164932
Hsa.2793,982.0974943922382
Hsa.1972,855.6002570972099
Hsa.2847,618.2102058856774
Hsa.617,986.2589561689744
Hsa.1479,668.3443338465299
Hsa.421,646.9865821569234
Hsa.31794,1046.1306824390463
Hsa.2862,1087.338868493604
Hsa.25777,1058.96748984733
Hsa.2178,985.4481655919079
Hsa.1875,658.3302432194495
Hsa.619,938.2261151629103
Hsa.11673,875.2003572295731
Hsa.41187,944.0037237564887
Hsa.22,887.9543588903679
Hsa.401,984.6621889424027
Hsa.42357,731.7165286145375
Hsa.2509,1035.9224996851813
Hsa.20609.1,791.788530975751
Hsa.18787,960.1626416488647
Hsa.15598,668.483142034218
Hsa.1885,709.4428017860048
Hsa.1517,761.6065671995472
Hsa.43894,633.8443015637046
Hsa.975,713.2435445405422
Hsa.367,982.7914305762821
Hsa.1635,796.6540028202984
Hsa.2483,833.9835526845106
Hsa.1705,1022.6460478365688
Hsa.37983,1082.492332121646
Hsa.1422,670.4935307671861
Hsa.1701,473.56037655229613
Hsa.7459,893.1906775220672
Hsa.2471,832.7131084703701
Hsa.1509,740.9899652064948
Hsa.40957,1072.8976873780475
Hsa.6484,678.0167498646592
Hsa.8007,484.8767446087679
Hsa.2837,1034.9774405534927
Hsa.9143,1023.4467780111042
Hsa.2706,507.1291566925232
Hsa.1460,862.3468841782704
Hsa.7336,887.535290519305
Hsa.2996,835.4485265452008
Hsa.3016,543.63128085275
Hsa.902,613.4870981815058
Hsa.2832,879.2543464903722
Hsa.6317,188.2796895843118
Hsa.1154,819.2259872563468
Hsa.10240,807.108726776985
Hsa.32,890.515866568867
Hsa.667,884.0207534899032
Hsa.2901,1113.8567203080013
Hsa.7,823.1209752601995
Hsa.3026,505.15761721547904
Hsa.17776,487.4975331524204
Hsa.6786,983.883982652724
Hsa.2410,1024.6768547894246
Hsa.7462,821.3178848803191
Hsa.17564,581.7898120253421
Hsa.814,922.5832905669943
Hsa.39621,1004.9046544175733
Hsa.2614,930.2885032037417
Hsa.1719.1,733.768137713292
Hsa.41381,885.0604331810779
Hsa.5392,740.0071122301356
Hsa.2340,931.5696123687818
Hsa.2354,802.422834664047
Hsa.1320,708.9756063847394
Hsa.32345,889.051508266704
Hsa.41247,496.09847452326153
Hsa.712,858.7001420317237
Hsa.2957,999.0415214520607
Hsa.37293,833.4715375703124
Hsa.16714,794.0877270669876
Hsa.40206,1110.2207882590928
Hsa.16622,529.0848524911306
Hsa.534,866.4407343026575
Hsa.3238,1040.318377553725
Hsa.34431,1082.3836028063308
Hsa.1241,867.6716667235503
Hsa.1062,547.7531248848504
Hsa.3301,937.2290067121205
Hsa.36671,1054.1807875865438
Hsa.341,556.3804673136004
Hsa.2827,983.8122888496573
Hsa.7648,958.3848589403342
Hsa.28895,1092.0687414115705
Hsa.18462,1020.3916580540055
Hsa.35496.1,1082.5372042473641
Hsa.1929,1134.6515895676137
Hsa.2967,630.5261632650934
Hsa.9102,947.9365423710956
Hsa.28468,984.436825423322
Hsa.36897,898.2225987826693
Hsa.36943,1000.0153815103288
Hsa.31677,1009.2396550069094
Hsa.19843,842.9102660193594
Hsa.2789,915.8167290857341
Hsa.1316,643.8452369504129
Hsa.6317.1,244.52733229277285
Hsa.449,471.5195452543969
Hsa.3764,839.7355550920157
Hsa.19143,689.5380826351651
Hsa.44067,714.4569593689547
Hsa.2275,812.4400881623399
Hsa.1902,493.43479591507145
Hsa.578,883.6100862865945
Hsa.555,888.6772543248495
Hsa.1775,908.7168240164475
Hsa.1620,956.0428573808603
Hsa.10314,741.7091797774467
Hsa.14763,956.8958120764631
Hsa.42746,879.181251242614
Hsa.34510,992.0951527639421
Hsa.33338,1059.9786512311503
Hsa.27300,883.3075870535711
Hsa.25522,964.0270001960855
Hsa.2678,884.6748738679527
Hsa.663,913.8923401809061
Hsa.212,1077.3030562127776
Hsa.1253,865.632492414
Hsa.2904,1032.423098552507
Hsa.1066,902.4839242282499
Hsa.3208,1097.668793133808
Hsa.3263,842.1972571326904
Hsa.1569,718.0286260581595
Hsa.32535,940.9891824705657
Hsa.23150,1020.4561351052901
Hsa.27488,1069.8103196796608
Hsa.2715,372.4038026511587
Hsa.3086,618.8210319706056
Hsa.2867,903.1196194787634
Hsa.31630,787.4837253876649
Hsa.2285,1104.572379818593
Hsa.477,695.0789126564226
Hsa.1477,588.4099987265645
Hsa.3047,1082.7589891682753
Hsa.990,755.3414763659506
Hsa.17210,815.9832061459512
Hsa.27537,794.6540518012754
Hsa.26969,1112.1013514978265
Hsa.1832,348.96525800096043
Hsa.3154.1,986.9214653646045
Hsa.660,745.1055714188402
Hsa.983,933.7481948642569
Hsa.41442,745.9731095053648
Hsa.24183,1102.4168582417465
Hsa.2897,1060.318657330565
Hsa.21859,1036.3946692179884
Hsa.486,1045.6514618181388
Hsa.2499,916.9377347497907
Hsa.1939.2,931.9102918782384
Hsa.36528,973.8437031898894
Hsa.18693,947.2171101642838
Hsa.481,935.0642377007597
Hsa.9083,715.4066506255475
Hsa.3160,1117.028120219554
Hsa.43201,941.9467381288007
Hsa.1464,637.8717989036727
Hsa.3072,990.9768509834456
Hsa.612.2,801.4348152575917
Hsa.9711,775.371715251484
Hsa.2498,1078.4184134942384
Hsa.5514,502.1776735792676
Hsa.1776,619.3833450537772
Hsa.6288,790.4508025080875
Hsa.7431,1011.9054634543556
Hsa.14478,944.4798653396095
Hsa.1778,894.0165631383583
Hsa.329,801.2649695492378
Hsa.29817,906.4172697675976
Hsa.317,797.324425935249
Hsa.683,1075.8772857137888
Hsa.7700,439.26658858027946
Hsa.3071,1035.6037347136773
Hsa.1574,656.8777672705497
Hsa.33867,1095.4560199826399
Hsa.8856,928.2687152742967
Hsa.7741,928.0585285717387
Hsa.2426,779.7956128970479
Hsa.27827,1095.3133063563835
Hsa.5164,806.6607528164708
Hsa.1254,638.9825220411965
Hsa.3813,865.5217308939052
Hsa.56,910.6894306204465
Hsa.3225.1,1012.7280160878438
Hsa.3182,1077.4817006443493
Hsa.6619,794.317226484631
Hsa.654,514.586213020667
Hsa.32.1,884.0474761545934
Hsa.3252,931.8747370858366
Hsa.1410,752.785579705533
Hsa.3127,899.3200213025573
Hsa.9641,1013.2671662233187
Hsa.2240,1078.7745889207845
Hsa.10522,319.9136755388174
Hsa.25536,674.1009683562241
Hsa.2085,1055.761189489113
Hsa.1079,670.544425185393
Hsa.43226,700.7586947874257
Hsa.12241,711.1109618598197
Hsa.41098,878.686793102645
Hsa.2551,783.8917461032937
Hsa.108,259.1981940259652
Hsa.2330,974.402593657269
Hsa.1786,760.4302973756702
Hsa.2209,946.7373119992491
Hsa.491,847.1699303256325
Hsa.41152,984.0051484658195
Hsa.28641,1039.5761551852397
Hsa.9332,990.5188710558494
Hsa.1543,750.740344644879
Hsa.2344,499.93462980709455
Hsa.2561,851.4063375150156
Hsa.26945,475.8415978078436
Hsa.10658,855.6908130123603
Hsa.9574,731.0242932000812
Hsa.1578,1050.0617144834393
Hsa.1444,509.93940704173446
Hsa.32298,961.3306399831849
Hsa.20602,840.5269847513084
Hsa.27481,1059.7876201721426
Hsa.44244,756.5648718828356
Hsa.862,834.3930441586859
Hsa.33967,1141.558143469936
Hsa.36678,989.9510682836308
Hsa.3104,1042.319031431982
Hsa.1655,937.3219475179277
Hsa.2808,1018.8883047046498
Hsa.2818,956.9903305846182
Hsa.6555,838.7732556076686
Hsa.2125,994.5499834616454
Hsa.5226,741.7405533668868
Hsa.1689,1000.522362529652
Hsa.43431,849.6697475400481
Hsa.1596,1022.9429353786546
Hsa.21957,1017.6664758458041
Hsa.3110,1024.2136384620344
Hsa.25813,578.7271783720354
Hsa.295,906.8490993230724
Hsa.2621,736.0373021405738
Hsa.818,622.0009182302917
Hsa.6104,876.2047080992306
Hsa.1887,840.2837313076647
Hsa.1045,957.2917739888558
Hsa.24368,1123.393371652609
Hsa.2154,1033.6773368180536
Hsa.14031,806.229424435336
Hsa.2998,996.3215175942291
Hsa.789,732.8189235976578
Hsa.928,818.4875359465204
Hsa.42443,908.6116004513473
Hsa.2959,1037.546383206558
Hsa.907,856.9929167557922
Hsa.9103,516.8191578244114
Hsa.2964,984.007437598428
Hsa.25762,993.812874785572
Hsa.44229,944.6395119512896
Hsa.297,759.3788173219847
Hsa.1140,734.0160793449433
Hsa.2343,1005.6537318340947
Hsa.2570,971.891433434548
Hsa.14914,560.1778025066178
Hsa.11582,657.1402480090126
Hsa.9353,902.1142622510974
Hsa.32463,890.1619501893543
Hsa.8839,435.34551881405736
Hsa.24582,920.3619371889262
Hsa.2210,797.2489575279403
Hsa.952,974.6979747628517
Hsa.3132,821.9745227470305
Hsa.10105,860.2382059343342
Hsa.10437,1016.1801114119178
Hsa.2387,1118.7409505786443
Hsa.3715,973.1348459477892
Hsa.944,649.7128258383586
Hsa.2280,918.7597942725324
Hsa.1731,453.19260923599256
Hsa.21195,856.6843765914803
Hsa.1373,347.0833989008555
Hsa.3461,898.0591939146716
Hsa.29940,1100.5598855132214
sa.19001,1019.7326569612361
Hsa.13072,1004.196440341544
Hsa.2742,1079.0305009600766
Hsa.21562,697.2385886858292
Hsa.2486,1057.41735210882
Hsa.121,772.6565748215386
Hsa.43405,581.3516620574375
Hsa.41231,1024.2943063788293
Hsa.716,851.2017512835312
Hsa.3141,1029.8014041621386
Hsa.2391,874.6026657810229
Hsa.11240,874.2501370698219
Hsa.21939,1033.3361052114617
Hsa.28390,1077.0030329276926
Hsa.1356,847.5855352977719
Hsa.1380,856.0176326560257
Hsa.15776,742.2985560654915
Hsa.28939,712.833716213816
Hsa.2928,818.8125458132416
Hsa.3093,922.1362937965948
Hsa.1788,924.2741751705073
Hsa.1315,682.9742170810305
Hsa.542,882.1093884418988
Hsa.42317,904.2390508063033
Hsa.1557,1032.642223074081
Hsa.32411,974.709696928869
Hsa.21933,1078.9196031680488
Hsa.1090,885.2987077717383
Hsa.11232,490.6571655462414
Hsa.3248,981.4685732696327
Hsa.45449,892.7072504422065
Hsa.8164,998.467528590401
Hsa.306,1106.790924500141
Hsa.9246,784.9799770869639
Hsa.43304,956.1108097357704
Hsa.2091,909.0266371021154
Hsa.1691,791.7729480547526
Hsa.2300,1008.1750195473903
Hsa.1662,950.2882790924511
Hsa.7781,979.4748951441247
Hsa.492,934.242966396378
Hsa.1877,947.3722664772523
Hsa.1774,236.33219424658637
Hsa.2312,734.4551863409898
Hsa.127,862.2503106112243
Hsa.485,1044.8591282515401
Hsa.2115,1084.5049362109028
Hsa.33144,960.2742920729364
Hsa.1728,784.5824565240008
Hsa.23442,891.9373815157924
Hsa.9994,693.0788231742758
Hsa.3893,960.9794322193934
Hsa.985,804.9135950495196
Hsa.2537,1023.2809073783637
Hsa.21104,979.772761651037
Hsa.34881,1102.9464534102754
Hsa.2968,1070.9739251587578
Hsa.6372,934.3594766479005
Hsa.17426,940.7364774519714
Hsa.18790,839.6795109025541
Hsa.1274,851.7733597065145
Hsa.20883,1032.061771032958
Hsa.12879,610.2446562492589
Hsa.1917,1059.1917402591373
Hsa.1122,904.6153164425091
Hsa.18589,651.9265769527042
Hsa.3337,940.6585226474123
Hsa.3061,974.6110745405445
Hsa.1028,964.7142168493293
Hsa.16092,480.9023211267709
Hsa.10664,867.786165783076
Hsa.2097,563.0129367572423
Hsa.345,846.0960899702729
Hsa.9744,813.922257308156
Hsa.27560,564.5325008729756
Hsa.2192,993.986142988224
Hsa.145,665.5002719772567
Hsa.41159,975.7414620511112
Hsa.12465,683.6362807513042
Hsa.1402,783.1826621659633
Hsa.33268,384.7436126006076
Hsa.2670,1044.7389533564844
Hsa.1163,829.9708911907856
Hsa.27808,1038.5095731162621
Hsa.662,854.9873582178158
Hsa.1240,714.3526511508509
Hsa.20376,972.5654841185885
Hsa.3230,987.0434461698873
Hsa.305.1,1067.2569046757328
Hsa.12442,578.6310080760649
Hsa.743,947.3595049740362
Hsa.30310,315.1975085526567
Hsa.2692,1101.0949973446516
Hsa.40211,834.797144302286
Hsa.25371,986.557373833093
Hsa.45446,734.2075820390869
Hsa.34776,1077.1728637389972
Hsa.2458,879.8800553251941
Hsa.1281,1006.526676045964
Hsa.15734,686.2719722515229
Hsa.44350,639.8131918694845
Hsa.2926,966.6253200037464
Hsa.1592,881.5974187769846
Hsa.687,764.063464779879
Hsa.1454,190.58833400438147
Hsa.41346,784.3872291568119
Hsa.35652.1,629.418730186359
Hsa.627,99.79002086193545
Hsa.1579,611.0224089150652
Hsa.10908,855.1207583040745
Hsa.14069,502.4402150072413
Hsa.3083,793.361265141965
Hsa.192,1013.1823633668002
Hsa.9295,900.0725035845987
Hsa.4296,942.4144696055845
Hsa.2821,894.6999495323267
Hsa.1380.1,858.7866816344504
Hsa.335,936.1418888682373
Hsa.1223,742.0257832018102
Hsa.6416,616.7991816646803
Hsa.9671,1006.7700713453254
Hsa.2168,732.1990822348033
Hsa.41368,913.2979044126757
Hsa.18469,706.5016676062618
Hsa.3933,939.5351698487133
Hsa.37654,1108.0706373528456
Hsa.2206,1010.4616451923246
Hsa.39777,922.6286868396974
Hsa.2347,988.6071080981854
Hsa.2528,1025.1105197631832
Hsa.39731,996.1436073001794
Hsa.38171,727.3741560399502
Hsa.26979,1013.7616795803767
Hsa.3280,983.5579182244406
Hsa.3316,1007.0872991804764
Hsa.8576,872.9657285007662
Hsa.23805,1074.205312024054
Hsa.37715,690.5830241565586
Hsa.43862,555.8952556122454
Hsa.31179,946.6681643386621
Hsa.358,1101.188950239003
Hsa.6904,818.5059313418277
Hsa.41002,1000.0340302988683
Hsa.36697,1005.2775824290287
Hsa.37811,946.8433495698058
Hsa.37147,942.7491550383052
Hsa.2683,931.2666397293178
Hsa.1539,1001.9174367484643
Hsa.2467,1022.6563817925195
Hsa.21736,942.2865450195101
Hsa.2407,712.2778271399665
Hsa.11632,849.7370667200952
Hsa.2517,1056.392673405464
Hsa.8085,1002.2981152768538
Hsa.1308,600.3058307351035
Hsa.176,557.8719028914996
Hsa.26971,1120.4294492278157
Hsa.36025,1051.5469579288485
Hsa.34395,1074.4960760502777
Hsa.2687,992.7216816148605
Hsa.960,829.2967216004398
Hsa.1468,568.7112449542376
Hsa.4286,867.8248068284126
Hsa.2688,874.8839804755954
Hsa.32745,1048.5228938096084
Hsa.12260,615.5253458446604
Hsa.2645,719.2669693630845
Hsa.18833,856.2737368454463
Hsa.584,861.1082412224092
Hsa.2749,1011.2139029026497
Hsa.25294,979.5838684086345
Hsa.42382,921.4255576882829
Hsa.8121,568.5119862575848
Hsa.14154,725.7178320812516
Hsa.2945,815.4768596757352
Hsa.1398,1053.994213496756
Hsa.2012,861.7649310885906
Hsa.43284,450.583943616666
Hsa.67,830.4031881098946
Hsa.14733,862.964220593157
Hsa.33587,1052.9504512330432
Hsa.21757,677.2164430329096
Hsa.3254,855.5100464341708
Hsa.1550.1,890.2530651451098
Hsa.230,691.3706287360018
Hsa.33277.1,1023.7834272525386
Hsa.710,684.245918505347
Hsa.23124.1,733.923690943066
Hsa.3351,1031.5550869301774
Hsa.34793,1163.446105758051
Hsa.39809.1,927.961854627306
Hsa.8679,650.2412490504526
Hsa.41136,900.835439123746
Hsa.34937,1052.3735680218806
Hsa.3963,955.6673028736136
Hsa.34575,1015.1348316010641
Hsa.6353,874.3770629796956
Hsa.8223,420.4203753642007
Hsa.35741,554.8169867076135
Hsa.2842,891.4610629555317
Hsa.10341,825.9054753934382
Hsa.3324,964.5969698925928
Hsa.1497,839.7246663745223
Hsa.21868,818.8029794456326
Hsa.294,774.8890277227025
Hsa.33576,1053.3365777576391
Hsa.2250,676.3171961204353
Hsa.601,690.4217460617878
Hsa.6814,632.5443643979467
Hsa.32745.1,840.5205076964515
Hsa.32907,964.6376640836768
Hsa.16296,683.3368112897169
Hsa.767,840.2520573696718
Hsa.15716,809.445903696742
Hsa.3315,950.3302951686109
Hsa.27716,810.5143956235272
Hsa.23600,1105.5387622172348
Hsa.24884,1048.4348138462963
Hsa.888,785.9091369235726
Hsa.2337,667.4323578097823
Hsa.1811,935.5093228890028
Hsa.1145,595.5010585112085
Hsa.913,731.9384874916992
Hsa.42826,765.2809782271986
Hsa.42255,823.2163142629774
Hsa.41239,885.364252820371
Hsa.410,1012.2848530154344
Hsa.2794,568.2875152096784
Hsa.1057,914.3904570738737
Hsa.2253,752.6987305504666
Hsa.18329,850.6780652925033
Hsa.3015,625.5265766222419
Hsa.32904,944.7843005731243
Hsa.1556,945.1668121178913
Hsa.2753,779.3360686969115
Hsa.23824,935.8840986490335
Hsa.2137,986.5002882692615
Hsa.2058,1052.891746674901
Hsa.8863,892.0190661862595
Hsa.3954,1037.5314052264735
Hsa.2199,1061.998997163725
Hsa.26992,995.3674879556912
Hsa.2497,1001.5600446288757
Hsa.10305.1,896.4959622068576
Hsa.41283,631.812847496202
Hsa.9671.1,1025.022460180598
Hsa.1039,159.34594325597953
Hsa.3223,860.1549836892793
Hsa.41369,869.1350894701254
Hsa.33637,978.7501463939179
Hsa.17766,921.7060001073519
Hsa.504,778.3933634885325
Hsa.10746,797.5855649954507
sa.41198,700.2539761554402
Hsa.37609,819.7479563988585
Hsa.1352,527.0425695203921
Hsa.1908,969.640611280112
Hsa.37528,1127.636734025789
Hsa.24490,928.6210353909732
Hsa.29913,1013.9277202735165
Hsa.2626,1080.5143526337383
Hsa.16372,514.3649389172926
Hsa.565,953.4115941497625
Hsa.10700,801.415446947294
Hsa.10784,243.70346837595756
Hsa.25830,973.8015615306912
Hsa.920,993.3028631906618
Hsa.3127.1,933.6083234294949
Hsa.41189,976.7706190345867
Hsa.7870,831.1785707881753
Hsa.3173,1055.1517698890157
Hsa.661,726.4907917600807
Hsa.1387,541.5900680962633
Hsa.38040,1045.4562192047438
Hsa.29263,1000.6908387628155
Hsa.3296,979.9593716916158
Hsa.3187,964.2732936362046
Hsa.3862,831.7222341008154
Hsa.2029,1065.9512817372295
Hsa.2291,518.7778900359216
Hsa.25229,857.4480551938934
Hsa.638,807.8345343355022
Hsa.10212,777.0266931130457
Hsa.2910,838.2160737596082
Hsa.26430,951.4584845870726
Hsa.41108,938.9159749855097
Hsa.2197,662.3607487702012
Hsa.3024,964.8303178396959
Hsa.1009,903.7188826684231
Hsa.1514,537.0750603050027
Hsa.2602,891.6582431365565
Hsa.1194,936.8745882579585
Hsa.2389,952.6220264979206
Hsa.12442.1,823.6606415804246
Hsa.43978,948.3964403600287
Hsa.31395,1135.7925307637881
Hsa.634,985.1710706435013
Hsa.2573,897.8299473860327
Hsa.1321,755.5211456976483
Hsa.17514,809.3934406492458
Hsa.16930,866.4529511896313
Hsa.4274,886.4701655193006
Hsa.14102,590.5076773067733
Hsa.41323,926.6699262946307
Hsa.32404,608.1190156279857
Hsa.402,1004.9043070143805
Hsa.1660,752.8134830629629
Hsa.865,786.9537718923458
Hsa.2875,1032.5229365316154
Hsa.404,738.3636160089925
Hsa.134,822.5379870019551
Hsa.40449,1107.1213913346983
Hsa.1373.1,463.2508083315223
Hsa.36710,1031.872301350593
Hsa.2104,1027.3997773509468
Hsa.320,1070.2514810530151
Hsa.1780,748.133282803576
Hsa.45658,799.2777155642069
Hsa.9340,1024.4092009058154
Hsa.24270,1019.7107549940295
Hsa.25322,735.6969104923697
Hsa.696,788.1928101241404
Hsa.6,715.068389903928
Hsa.2196,907.7006934241983
Hsa.33695,951.1450788237377
Hsa.35367,824.4302446186801
Hsa.1765,895.3173466234902
Hsa.36161,736.9170852020764
Hsa.2456,537.3687127103447
Hsa.889,874.3450349850887
Hsa.2939,863.5786119954596
Hsa.8192,136.32799167842938
Hsa.636,868.2624056169261
Hsa.466,649.5768234599209
Hsa.2519,834.1381517834925
Hsa.41299.1,897.5700501307119
Hsa.2705,800.2962111343345
Hsa.3921,867.2959724180879
Hsa.1095,804.9188914896392
Hsa.1614,688.3812763916835
Hsa.2644,836.8743661966322
Hsa.85,687.5862851961157
Hsa.13003,1003.1710200478153
Hsa.1607,783.7449148585692
Hsa.855,877.4783259492334
Hsa.1185,832.8317010498281
Hsa.12564,910.7369743261999
Hsa.28784,987.3038290292651
Hsa.7652,778.434247289769
Hsa.10659,845.1592600085568
Hsa.3201,1023.714981198831
Hsa.45458,959.243439492717
Hsa.1209,827.4265980109896
Hsa.1763,746.9609750971088
Hsa.7728,756.7812310200592
Hsa.1439,880.1002764320283
Hsa.1423,760.6422633296252
Hsa.1297,820.6148968916043
Hsa.22968,920.0154527270178
Hsa.8503,881.7949327274608
Hsa.43331,800.3530198994162
Hsa.858,649.15508662704
Hsa.1016,626.1494956811935
Hsa.41306,765.7112570986615
Hsa.33095,906.9026572224739
Hsa.664,564.98077202322
Hsa.9174,613.5077937371112
Hsa.1758,872.1051476010555
Hsa.2243,866.397006193717
Hsa.15198,828.572209100601
Hsa.3005,1048.7916919077493
Hsa.6782,778.6878843962273
Hsa.25390,1039.2686065134576
Hsa.24874,1081.0790179056019
Hsa.41314.1,661.1422296305284
Hsa.2584,1134.3102460964044
Hsa.1862,879.2536271301728
Hsa.3,1008.9985559912627
Hsa.5908,845.7227166752681
Hsa.72,302.5950729298495
Hsa.3186,1104.8093757473284
Hsa.2127,1020.8840358067737
Hsa.3250,1069.4128133389697
Hsa.2237,960.1358624588624
Hsa.1228,775.5260688467421
Hsa.2309,975.8321866577937
Hsa.41165,1088.6661400287182
Hsa.2690,842.6966393629008
Hsa.1346,527.5405580309435
Hsa.1878,900.5598949014529
Hsa.1491,293.7655976452698
Hsa.17213,515.6542642144709
Hsa.2918.1,613.0236503984005
Hsa.22452,1070.404800674368
Hsa.36693,765.775722325995
Hsa.1143,723.9774752898049
Hsa.36696,1042.5048536751344
Hsa.44116,828.6547565829864
Hsa.33012,888.7918803481583
Hsa.31500,702.9724947893556
Hsa.2891,869.4617115198388
Hsa.330,942.4124708287785
Hsa.36705,902.1782400743342
Hsa.11616,350.0942025724283
Hsa.3105,1050.3776900448825
Hsa.205,617.5688159485486
Hsa.21245,957.4120102269561
Hsa.17130,899.2255842096724
Hsa.1435,733.0516321012632
Hsa.826,938.9258850906444
Hsa.33,489.3348710884273
Hsa.2134,986.6404470251173
Hsa.41098.1,404.5878057282641
Hsa.9590,1004.1960722006639
Hsa.58,809.1293635699459
Hsa.1415,676.4638609571685
Hsa.3082,858.2047133234479
Hsa.15007,800.803934162741
Hsa.17901,529.2405500167478
Hsa.1198,896.3328990028584
Hsa.475,963.2607167939619
Hsa.2084,958.178715748773
Hsa.2484,993.1314888039063
Hsa.2208,953.7127657348007
Hsa.11042,572.8510770564881
Hsa.26673,1039.0841318605917
Hsa.1562,253.1339683229203
Hsa.2618,956.0779034535749
Hsa.27285,856.6799644161512
Hsa.41260,725.198215463179
Hsa.14822,899.0485760724715
Hsa.336,1105.1458123150794
Hsa.984,611.6085315349824
Hsa.35124,984.9837162097848
Hsa.3952,1085.459059168611
Hsa.32734,1074.4207411073082
Hsa.9683,587.707788841062
